,0
0,33.75
1,21.29
2,21.21
3,21.38
4,21.29
5,21.23
6,21.29
7,21.33
8,21.23
9,21.06
10,21.31
11,21.20
12,21.43
13,21.18
14,21.29
15,21.35
16,21.41
17,21.31
18,21.36
19,21.26
20,21.29
21,21.27
22,21.24
23,21.19
24,21.24
25,21.25
26,21.18
27,21.23
28,21.19
29,21.15
30,21.21
31,21.24
32,21.34
33,21.22
34,21.21
35,21.21
36,21.17
37,21.27
38,21.19
39,21.28
40,21.43
41,21.16
42,21.32
43,21.33
44,21.28
45,21.34
46,21.34
47,21.29
48,21.59
49,21.28
50,21.29
51,21.14
52,21.20
53,21.23
54,21.38
55,21.41
56,21.27
57,21.21
58,21.20
59,21.29
60,21.33
61,21.28
62,21.18
63,21.13
64,
65,21.23
66,21.19
67,21.15
68,21.24
69,21.48
70,21.17
71,21.23
72,21.30
73,21.28
74,
75,21.13
76,21.24
77,21.27
78,21.26
79,21.47
80,21.21
81,21.29
82,22.13
83,21.41
84,21.39
85,21.31
86,21.30
87,21.25
88,21.25
89,21.29
90,21.21
91,21.42
92,21.43
93,21.28
94,21.23
95,21.34
96,21.22
97,21.28
98,21.13
99,21.60
100,21.31
101,21.38
102,21.22
103,21.18
104,21.27
105,21.17
106,21.21
107,21.40
108,21.16
109,21.38
110,21.22
111,21.18
112,21.24
113,21.22
114,21.37
115,
116,
117,21.31
118,21.25
119,21.34
120,21.32
121,
122,21.41
123,21.31
124,21.13
125,21.31
126,21.25
127,21.45
128,21.53
129,21.14
130,21.25
131,
132,21.15
133,21.21
134,21.35
135,21.23
136,21.04
137,21.13
138,21.38
139,21.38
140,21.20
141,21.46
142,21.31
143,21.24
144,21.34
145,
146,21.25
147,21.21
148,21.39
149,21.39
150,21.37
151,21.31
152,21.34
153,21.45
154,21.33
155,21.36
156,21.44
157,21.16
158,21.33
159,21.20
160,21.23
161,21.27
162,21.19
163,21.35
164,
165,21.29
166,21.43
167,21.28
168,21.18
169,21.38
170,21.36
171,21.27
172,21.37
173,21.30
174,21.22
175,
176,21.45
177,21.39
178,21.23
179,21.32
180,
181,21.30
182,21.40
183,21.22
184,21.38
185,
186,21.40
187,21.43
188,21.25
189,21.36
190,21.29
191,21.40
192,21.28
193,21.43
194,21.35
195,21.16
196,21.47
197,21.51
198,21.23
199,21.24
200,21.24
201,21.35
202,21.26
203,21.23
204,21.32
205,21.27
206,
207,21.13
208,21.34
209,21.17
210,
211,21.27
212,21.24
213,21.22
214,21.38
215,21.24
216,21.50
217,21.45
218,21.20
219,21.24
220,21.23
221,21.27
222,21.37
223,21.24
224,21.31
225,21.40
226,21.22
227,21.23
228,21.26
229,21.30
230,21.10
231,21.24
232,21.28
233,21.30
234,21.33
235,21.19
236,21.26
237,21.22
238,21.31
239,21.19
240,21.23
241,21.34
242,21.30
243,21.27
244,21.28
245,21.24
246,21.28
247,21.19
248,21.56
249,21.30
250,21.22
251,21.27
252,20.17
253,21.18
254,21.27
255,21.29
256,21.20
257,21.33
258,21.36
259,21.23
260,21.39
261,21.41
262,21.27
263,21.60
264,21.29
265,21.21
266,21.25
267,21.29
268,21.27
269,21.24
270,21.46
271,21.44
272,21.26
273,21.22
274,21.41
275,21.26
276,21.18
277,21.47
278,21.24
279,21.28
280,21.26
281,21.43
282,21.28
283,
284,21.10
285,21.45
286,21.44
287,21.42
288,21.39
289,21.02
290,21.29
291,21.29
292,21.46
293,21.48
294,21.24
295,20.96
296,21.31
297,21.24
298,21.28
299,21.17
300,21.56
301,21.42
302,
303,21.49
304,21.46
305,
306,21.19
307,
308,
309,21.52
310,21.25
311,21.54
312,21.14
313,21.39
314,21.37
315,21.28
316,21.34
317,
318,21.22
319,
320,21.43
321,21.25
322,21.26
323,21.34
324,21.27
325,21.40
326,21.36
327,21.29
328,21.42
329,21.56
330,
331,21.30
332,21.47
333,21.20
334,21.37
335,21.42
336,21.38
337,21.22
338,
339,21.26
340,21.41
341,21.23
342,21.24
343,21.23
344,
345,21.39
346,21.25
347,21.25
348,21.26
349,
350,21.31
351,21.25
352,21.22
353,21.43
354,21.23
355,21.22
356,21.43
357,21.30
358,21.45
359,21.23
360,21.33
361,21.34
362,
363,
364,21.42
365,21.26
366,21.15
367,21.51
368,21.25
369,21.24
370,21.37
371,21.26
372,21.36
373,21.42
374,21.23
375,21.41
376,21.38
377,21.23
378,21.36
379,21.18
380,21.37
381,21.58
382,21.42
383,21.24
384,21.27
385,21.44
386,21.28
387,21.26
388,
389,21.42
390,21.52
391,21.29
392,21.29
393,21.28
394,21.27
395,
396,21.29
397,21.50
398,21.30
399,
400,21.15
401,21.18
402,21.45
403,21.40
404,21.19
405,21.23
406,21.37
407,21.37
408,
409,
410,
411,
412,
413,
414,
415,
416,
417,
418,
419,
420,
421,
422,
423,
424,21.42
425,21.20
426,21.43
427,21.45
428,
429,21.48
430,21.22
431,21.22
432,21.14
433,21.28
434,21.54
435,
436,21.42
437,21.38
438,21.24
439,21.23
440,21.40
441,21.38
442,21.24
443,21.45
444,
445,21.29
446,21.20
447,
448,21.41
449,21.34
450,21.34
451,21.24
452,21.49
453,21.26
454,21.38
455,21.20
456,21.20
457,21.50
458,21.68
459,
460,21.22
461,21.41
462,21.28
463,
464,21.21
465,21.47
466,21.29
467,21.43
468,21.53
469,21.39
470,21.16
471,21.44
472,21.28
473,21.26
474,21.49
475,21.45
476,21.31
477,21.26
478,21.29
479,21.44
480,21.19
481,21.29
482,21.36
483,21.35
484,21.25
485,21.47
486,21.48
487,21.40
488,21.37
489,21.36
490,21.44
491,
492,21.44
493,21.08
494,
495,21.24
496,21.32
497,21.52
498,21.22
499,21.31
500,21.22
501,21.35
502,21.46
503,21.44
504,21.52
505,21.24
506,21.25
507,21.28
508,21.26
509,21.35
510,21.16
511,21.27
512,21.38
513,21.30
514,21.29
515,21.18
516,21.23
517,
518,21.45
519,21.22
520,17.19
521,21.27
522,21.45
523,21.45
524,21.66
525,21.24
526,21.31
527,21.48
528,21.20
529,21.40
530,21.23
531,21.26
532,21.49
533,21.28
534,21.46
535,21.65
536,21.24
537,21.26
538,21.55
539,20.78
540,21.27
541,21.27
542,21.28
543,21.55
544,21.27
545,21.45
546,21.34
547,21.34
548,21.43
549,21.31
550,21.31
551,21.45
552,21.46
553,21.52
554,21.37
555,21.22
556,21.34
557,21.12
558,21.42
559,21.51
560,
561,21.42
562,21.46
563,21.25
564,21.38
565,21.48
566,21.42
567,21.48
568,21.34
569,21.69
570,21.44
571,
572,21.54
573,21.32
574,21.43
575,21.30
576,21.51
577,21.23
578,21.41
579,21.36
580,21.42
581,21.24
582,21.53
583,21.13
584,21.31
585,21.32
586,21.43
587,21.44
588,21.30
589,21.79
590,
591,21.26
592,21.56
593,21.25
594,21.26
595,21.28
596,21.47
597,21.50
598,21.41
599,21.15
600,21.34
601,21.38
602,21.56
603,21.42
604,21.29
605,21.49
606,21.37
607,21.27
608,
609,21.41
610,21.27
611,21.17
612,21.54
613,21.23
614,21.58
615,21.56
616,21.49
617,21.21
618,21.40
619,21.41
620,
621,21.26
622,21.40
623,21.18
624,21.28
625,21.53
626,21.43
627,21.23
628,21.39
629,21.43
630,21.26
631,21.34
632,21.28
633,21.22
634,21.45
635,21.51
636,21.23
637,21.37
638,21.27
639,21.62
640,21.47
641,21.42
642,21.40
643,21.52
644,21.27
645,21.26
646,21.28
647,21.63
648,21.45
649,21.38
650,21.82
651,21.24
652,21.24
653,21.51
654,21.27
655,21.42
656,21.48
657,
658,21.39
659,21.43
660,21.24
661,21.25
662,21.22
663,21.63
664,21.31
665,21.17
666,21.48
667,21.30
668,21.23
669,21.22
670,21.33
671,21.27
672,21.28
673,21.32
674,21.42
675,21.44
676,21.49
677,21.45
678,21.47
679,21.48
680,21.28
681,21.28
682,21.25
683,
684,21.42
685,21.38
686,21.38
687,21.45
688,21.45
689,21.47
690,21.23
691,21.33
692,21.33
693,21.25
694,21.31
695,21.45
696,
697,21.50
698,21.29
699,21.32
700,
701,21.50
702,21.40
703,21.27
704,21.19
705,21.44
706,21.44
707,21.09
708,21.36
709,21.30
710,21.25
711,21.40
712,21.45
713,21.26
714,21.27
715,21.45
716,21.50
717,21.41
718,21.48
719,21.25
720,21.40
721,21.38
722,21.20
723,
724,
725,21.30
726,21.41
727,21.42
728,21.32
729,21.26
730,21.26
731,21.30
732,21.34
733,21.26
734,21.27
735,21.47
736,21.21
737,21.50
738,21.26
739,21.44
740,
741,21.23
742,
743,
744,21.44
745,21.65
746,21.23
747,21.43
748,21.55
749,
750,21.24
751,21.44
752,21.31
753,21.21
754,21.25
755,21.28
756,21.28
757,21.22
758,21.47
759,21.27
760,21.47
761,21.31
762,21.39
763,
764,21.44
765,21.50
766,21.32
767,21.33
768,21.33
769,21.50
770,21.29
771,21.51
772,21.30
773,21.37
774,21.31
775,
776,21.47
777,21.28
778,21.51
779,21.29
780,21.32
781,21.44
782,21.26
783,21.30
784,
785,21.44
786,21.36
787,21.51
788,21.26
789,21.28
790,21.16
791,21.27
792,21.26
793,21.33
794,21.18
795,21.41
796,21.37
797,21.31
798,21.29
799,21.14
800,
801,21.24
802,
803,21.22
804,21.24
805,21.26
806,21.44
807,21.40
808,21.43
809,
810,21.39
811,21.48
812,21.41
813,21.43
814,21.45
815,21.35
816,21.49
817,
818,21.56
819,21.27
820,21.49
821,21.27
822,21.44
823,21.30
824,21.09
825,21.36
826,21.29
827,21.42
828,21.29
829,21.26
830,21.33
831,21.30
832,21.21
833,21.54
834,21.23
835,21.38
836,
837,21.28
838,21.47
839,21.24
840,21.45
841,21.50
842,21.35
843,21.23
844,21.33
845,21.64
846,21.51
847,
848,21.31
849,21.48
850,21.34
851,21.48
852,21.94
853,21.12
854,21.37
855,21.43
856,21.06
857,21.26
858,21.34
859,
860,21.21
861,21.28
862,21.53
863,
864,21.24
865,21.69
866,21.41
867,21.30
868,21.36
869,21.34
870,21.28
871,
872,21.47
873,
874,21.30
875,21.28
876,21.33
877,21.50
878,21.42
879,21.52
880,21.39
881,21.30
882,21.07
883,21.46
884,21.70
885,
886,21.25
887,21.41
888,21.33
889,21.50
890,21.17
891,21.44
892,21.41
893,21.28
894,21.31
895,21.27
896,21.48
897,21.39
898,21.31
899,21.16
900,21.27
901,21.27
902,21.27
903,21.29
904,21.23
905,
906,21.56
907,21.00
908,21.45
909,21.31
910,21.27
911,21.27
912,21.34
913,21.49
914,
915,21.28
916,21.57
917,21.32
918,21.32
919,
920,21.21
921,21.18
922,21.42
923,21.29
924,21.47
925,21.33
926,21.45
927,21.22
928,21.16
929,21.37
930,21.26
931,21.25
932,21.29
933,21.40
934,21.42
935,21.24
936,21.36
937,21.48
938,21.48
939,21.35
940,21.34
941,21.43
942,21.41
943,21.60
944,
945,21.30
946,21.54
947,21.30
948,21.39
949,21.56
950,21.23
951,21.30
952,21.40
953,21.24
954,21.35
955,21.45
956,21.29
957,21.30
958,21.28
959,21.50
960,21.31
961,21.74
962,21.46
963,21.17
964,21.61
965,21.44
966,21.47
967,21.41
968,21.24
969,21.26
970,21.42
971,21.28
972,21.20
973,21.43
974,21.26
975,21.28
976,21.31
977,21.31
978,21.33
979,21.43
980,21.55
981,21.26
982,21.36
983,21.48
984,21.49
985,
986,21.29
987,21.44
988,21.43
989,21.24
990,21.42
991,21.26
992,21.52
993,21.24
994,
995,21.36
996,21.53
997,21.47
998,21.50
999,21.30
1000,
1001,21.63
1002,21.31
1003,21.23
1004,21.45
1005,21.45
1006,21.32
1007,21.33
1008,21.26
1009,21.33
1010,
1011,21.31
1012,21.44
1013,21.28
1014,21.31
1015,21.48
1016,21.27
1017,21.27
1018,21.34
1019,21.45
1020,21.31
1021,21.69
1022,21.47
1023,21.79
1024,21.18
1025,21.25
1026,21.33
1027,21.10
1028,21.36
1029,21.28
1030,21.57
1031,21.29
1032,21.39
1033,21.26
1034,21.43
1035,21.38
1036,21.40
1037,21.10
1038,21.18
1039,21.31
1040,21.35
1041,21.02
1042,21.27
1043,21.51
1044,21.48
1045,21.89
1046,21.30
1047,21.32
1048,21.45
1049,21.31
1050,21.27
1051,21.01
1052,21.33
1053,21.38
1054,21.29
1055,21.29
1056,21.43
1057,21.29
1058,21.47
1059,21.59
1060,21.36
1061,21.48
1062,21.27
1063,21.58
1064,21.58
1065,21.13
1066,22.50
1067,21.23
1068,21.36
1069,21.25
1070,21.47
1071,21.27
1072,21.69
1073,
1074,21.54
1075,21.32
1076,21.50
1077,21.28
1078,21.29
1079,
1080,21.41
1081,21.26
1082,21.31
1083,21.39
1084,21.11
1085,
1086,21.93
1087,21.26
1088,
1089,21.28
1090,21.30
1091,21.48
1092,21.25
1093,21.28
1094,21.44
1095,21.29
1096,21.51
1097,21.30
1098,21.26
1099,21.13
1100,21.14
1101,21.67
1102,21.27
1103,21.51
1104,21.46
1105,21.27
1106,21.31
1107,21.28
1108,21.66
1109,21.31
1110,21.60
1111,
1112,
1113,
1114,
1115,
1116,
1117,
1118,
1119,
1120,
1121,
1122,
1123,
1124,
1125,
1126,
1127,
1128,
1129,
1130,
1131,
1132,
1133,
1134,
1135,
1136,
1137,
1138,
1139,
1140,
1141,
1142,
1143,
1144,
1145,
1146,
1147,
1148,
1149,
1150,
1151,
1152,
1153,
1154,
1155,
1156,
1157,
1158,
1159,
1160,
1161,
1162,
1163,
1164,
1165,
1166,
1167,
1168,
1169,
1170,
1171,
1172,
1173,
1174,
1175,
1176,
1177,
1178,
1179,
1180,
1181,
1182,
1183,
1184,21.32
1185,21.45
1186,18.02
1187,21.58
1188,21.33
1189,21.29
1190,21.50
1191,21.28
1192,21.51
1193,21.22
1194,21.42
1195,21.49
1196,21.10
1197,21.22
1198,21.49
1199,21.26
1200,
1201,21.28
1202,21.53
1203,21.30
1204,21.12
1205,21.53
1206,22.08
1207,21.42
1208,21.46
1209,21.47
1210,21.24
1211,21.23
1212,21.44
1213,21.23
1214,21.29
1215,21.41
1216,21.40
1217,
1218,21.41
1219,21.44
1220,
1221,21.15
1222,21.54
1223,21.28
1224,21.27
1225,21.31
1226,21.42
1227,21.20
1228,21.45
1229,21.52
1230,21.28
1231,21.28
1232,21.50
1233,21.30
1234,21.30
1235,21.34
1236,21.43
1237,21.35
1238,21.61
1239,21.54
1240,
1241,21.54
1242,
1243,21.26
1244,21.24
1245,21.22
1246,21.55
1247,21.43
1248,21.20
1249,21.25
1250,21.59
1251,21.27
1252,21.33
1253,21.33
1254,21.18
1255,21.51
1256,21.26
1257,21.66
1258,21.58
1259,21.36
1260,21.34
1261,
1262,21.32
1263,21.55
1264,21.50
1265,21.21
1266,21.32
1267,21.28
1268,21.21
1269,21.41
1270,21.62
1271,21.53
1272,21.50
1273,21.47
1274,
1275,21.30
1276,21.32
1277,21.51
1278,21.53
1279,21.40
1280,21.22
1281,21.49
1282,21.51
1283,21.59
1284,21.52
1285,21.17
1286,21.48
1287,21.22
1288,21.61
1289,21.59
1290,21.28
1291,21.48
1292,21.26
1293,21.61
1294,21.19
1295,21.42
1296,21.22
1297,21.28
1298,21.27
1299,21.68
1300,21.01
1301,21.53
1302,21.21
1303,21.42
1304,21.25
1305,21.35
1306,21.61
1307,21.52
1308,21.69
1309,21.43
1310,21.55
1311,21.40
1312,21.41
1313,21.26
1314,21.33
1315,21.44
1316,21.38
1317,21.27
1318,
1319,21.24
1320,21.34
1321,21.28
1322,21.41
1323,21.49
1324,
1325,21.28
1326,21.61
1327,21.81
1328,21.39
1329,21.45
1330,21.31
1331,21.57
1332,21.68
1333,21.23
1334,21.46
1335,21.47
1336,21.24
1337,21.51
1338,21.35
1339,21.46
1340,
1341,21.30
1342,21.91
1343,21.30
1344,21.70
1345,21.17
1346,21.35
1347,21.47
1348,21.35
1349,21.55
1350,21.32
1351,21.51
1352,21.42
1353,21.32
1354,21.54
1355,21.26
1356,21.30
1357,21.38
1358,21.41
1359,21.30
1360,21.56
1361,21.31
1362,21.35
1363,21.55
1364,21.52
1365,21.17
1366,21.47
1367,21.53
1368,21.50
1369,21.49
1370,21.03
1371,
1372,21.41
1373,21.57
1374,
1375,21.51
1376,21.59
1377,21.25
1378,21.22
1379,21.27
1380,21.28
1381,20.79
1382,
1383,21.74
1384,21.44
1385,
1386,21.70
1387,21.31
1388,21.50
1389,21.54
1390,21.45
1391,
1392,
1393,
1394,21.51
1395,21.49
1396,20.82
1397,21.44
1398,21.36
1399,21.52
1400,21.29
1401,21.53
1402,21.51
1403,21.44
1404,21.44
1405,21.31
1406,21.05
1407,21.29
1408,21.24
1409,21.99
1410,21.31
1411,21.27
1412,21.44
1413,21.35
1414,21.43
1415,21.29
1416,21.40
1417,21.28
1418,
1419,21.66
1420,21.29
1421,21.36
1422,21.30
1423,21.47
1424,21.30
1425,21.46
1426,21.30
1427,21.31
1428,21.31
1429,21.30
1430,21.24
1431,21.40
1432,21.51
1433,21.30
1434,21.37
1435,21.34
1436,21.60
1437,21.35
1438,21.17
1439,21.33
1440,21.26
1441,21.54
1442,21.31
1443,21.36
1444,21.31
1445,21.26
1446,21.27
1447,21.31
1448,21.53
1449,21.43
1450,21.46
1451,21.29
1452,21.25
1453,21.33
1454,21.64
1455,21.43
1456,20.81
1457,
1458,20.97
1459,21.05
1460,21.96
1461,21.29
1462,
1463,21.26
1464,22.56
1465,21.42
1466,21.81
1467,21.11
1468,21.27
1469,21.14
1470,21.66
1471,21.25
1472,21.34
1473,21.62
1474,21.53
1475,21.51
1476,21.51
1477,21.30
1478,21.27
1479,
1480,21.17
1481,21.31
1482,21.43
1483,21.53
1484,21.27
1485,21.14
1486,21.34
1487,21.24
1488,21.24
1489,21.28
1490,21.28
1491,21.22
1492,21.47
1493,21.37
1494,21.40
1495,
1496,
1497,21.23
1498,21.25
1499,21.16
1500,21.12
1501,21.29
1502,21.13
1503,21.26
1504,21.56
1505,21.41
1506,21.45
1507,21.27
1508,21.49
1509,21.24
1510,
1511,21.47
1512,21.14
1513,21.61
1514,21.51
1515,
1516,21.60
1517,21.52
1518,21.37
1519,21.51
1520,21.38
1521,21.24
1522,21.51
1523,21.48
1524,21.29
1525,21.20
1526,21.58
1527,21.24
1528,21.17
1529,21.34
1530,21.53
1531,21.54
1532,21.28
1533,21.30
1534,
1535,20.97
1536,21.26
1537,21.48
1538,21.18
1539,21.47
1540,
1541,21.26
1542,21.28
1543,21.12
1544,21.15
1545,21.27
1546,21.36
1547,21.44
1548,
1549,21.27
1550,21.30
1551,21.61
1552,21.34
1553,
1554,21.10
1555,21.43
1556,21.43
1557,21.42
1558,21.56
1559,
1560,21.30
1561,21.21
1562,
1563,21.68
1564,21.58
1565,21.49
1566,
1567,21.48
1568,21.48
1569,21.56
1570,21.56
1571,21.61
1572,
1573,21.53
1574,
1575,21.47
1576,21.28
1577,21.62
1578,21.28
1579,
1580,21.27
1581,21.25
1582,21.35
1583,21.44
1584,21.45
1585,
1586,21.52
1587,
1588,21.26
1589,21.25
1590,21.42
1591,
1592,21.31
1593,21.61
1594,21.50
1595,21.30
1596,21.47
1597,21.69
1598,21.24
1599,21.24
1600,21.50
1601,21.28
1602,21.56
1603,21.29
1604,21.48
1605,21.55
1606,
1607,21.27
1608,
1609,21.40
1610,21.25
1611,21.27
1612,21.26
1613,21.50
1614,21.56
1615,21.31
1616,21.20
1617,
1618,21.23
1619,21.63
1620,20.78
1621,21.46
1622,21.32
1623,21.28
1624,21.25
1625,21.31
1626,21.53
1627,21.39
1628,21.19
1629,21.29
1630,21.34
1631,21.30
1632,21.57
1633,21.38
1634,21.62
1635,21.55
1636,21.25
1637,21.53
1638,21.21
1639,21.31
1640,21.30
1641,21.84
1642,21.69
1643,21.34
1644,21.30
1645,21.27
1646,21.34
1647,21.05
1648,21.29
1649,21.34
1650,21.61
1651,21.30
1652,21.32
1653,21.09
1654,
1655,21.25
1656,
1657,21.50
1658,21.49
1659,21.28
1660,21.20
1661,21.46
1662,21.31
1663,
1664,21.21
1665,21.15
1666,21.55
1667,
1668,21.21
1669,21.30
1670,21.48
1671,21.49
1672,21.54
1673,21.39
1674,21.54
1675,21.22
1676,21.36
1677,21.55
1678,21.23
1679,
1680,21.23
1681,21.28
1682,21.49
1683,21.31
1684,21.19
1685,21.28
1686,21.49
1687,21.28
1688,21.21
1689,21.45
1690,21.68
1691,21.00
1692,22.82
1693,21.29
1694,
1695,21.32
1696,21.47
1697,21.25
1698,21.29
1699,
1700,21.37
1701,21.33
1702,21.10
1703,21.32
1704,21.42
1705,21.00
1706,
1707,21.27
1708,21.45
1709,
1710,21.27
1711,21.77
1712,21.51
1713,21.28
1714,21.55
1715,21.32
1716,21.36
1717,
1718,21.42
1719,21.33
1720,21.47
1721,21.30
1722,21.57
1723,21.24
1724,21.29
1725,21.56
1726,21.54
1727,
1728,21.27
1729,21.23
1730,21.27
1731,21.46
1732,21.40
1733,21.28
1734,21.51
1735,21.53
1736,21.40
1737,21.27
1738,21.24
1739,21.21
1740,21.55
1741,21.16
1742,21.52
1743,21.29
1744,21.34
1745,21.33
1746,21.37
1747,21.32
1748,21.29
1749,21.33
1750,21.27
1751,21.29
1752,21.34
1753,21.39
1754,21.31
1755,21.28
1756,21.30
1757,21.24
1758,21.28
1759,21.20
1760,21.37
1761,21.20
1762,21.31
1763,21.61
1764,21.49
1765,21.32
1766,21.38
1767,
1768,21.19
1769,21.52
1770,21.57
1771,21.50
1772,21.59
1773,
1774,21.28
1775,
1776,21.38
1777,21.24
1778,21.31
1779,21.35
1780,21.30
1781,21.56
1782,21.48
1783,21.29
1784,21.20
1785,21.30
1786,
1787,21.24
1788,21.20
1789,21.32
1790,21.53
1791,21.32
1792,21.52
1793,21.47
1794,21.46
1795,21.60
1796,
1797,22.19
1798,21.46
1799,21.30
1800,21.25
1801,21.31
1802,21.26
1803,
1804,21.27
1805,21.27
1806,21.32
1807,21.32
1808,21.16
1809,21.36
1810,21.23
1811,21.35
1812,21.19
1813,21.32
1814,21.51
1815,21.36
1816,21.20
1817,
1818,21.41
1819,21.52
1820,
1821,21.70
1822,21.26
1823,21.11
1824,
1825,21.61
1826,21.67
1827,21.47
1828,21.42
1829,21.24
1830,21.34
1831,21.79
1832,21.98
1833,21.45
1834,21.34
1835,21.51
1836,
1837,21.24
1838,
1839,21.56
1840,21.38
1841,21.31
1842,21.33
1843,21.56
1844,21.19
1845,
1846,21.70
1847,21.28
1848,21.71
1849,21.29
1850,21.42
1851,21.48
1852,21.39
1853,21.61
1854,21.19
1855,21.23
1856,21.68
1857,21.28
1858,
1859,21.20
1860,
1861,21.46
1862,21.71
1863,21.56
1864,21.34
1865,
1866,21.33
1867,21.33
1868,21.79
1869,
1870,21.57
1871,
1872,21.35
1873,21.55
1874,21.51
1875,21.56
1876,21.28
1877,21.14
1878,
1879,21.24
1880,21.60
1881,21.13
1882,21.26
1883,21.19
1884,21.30
1885,21.33
1886,21.35
1887,21.33
1888,21.27
1889,21.49
1890,21.26
1891,21.29
1892,21.42
1893,21.57
1894,
1895,
1896,21.17
1897,21.26
1898,21.60
1899,21.19
1900,21.20
1901,21.61
1902,21.53
1903,21.34
1904,21.60
1905,
1906,21.51
1907,21.37
1908,21.44
1909,21.67
1910,21.28
1911,21.40
1912,21.52
1913,
1914,21.50
1915,21.27
1916,21.11
1917,21.22
1918,21.51
1919,21.44
1920,21.43
1921,21.26
1922,21.26
1923,21.31
1924,21.27
1925,
1926,21.67
1927,
1928,21.45
1929,
1930,21.26
1931,21.46
1932,22.61
1933,21.32
1934,21.32
1935,21.57
1936,21.55
1937,21.49
1938,21.58
1939,21.28
1940,21.44
1941,21.23
1942,21.63
1943,21.35
1944,21.93
1945,21.37
1946,21.23
1947,21.25
1948,
1949,
1950,21.20
1951,21.42
1952,21.29
1953,21.59
1954,21.24
1955,21.52
1956,21.66
1957,21.63
1958,21.59
1959,21.04
1960,21.56
1961,21.61
1962,
1963,21.44
1964,21.52
1965,21.52
1966,
1967,21.71
1968,21.24
1969,21.19
1970,21.23
1971,21.35
1972,
1973,
1974,21.50
1975,21.42
1976,21.22
1977,21.41
1978,21.37
1979,21.35
1980,21.57
1981,21.30
1982,21.16
1983,21.16
1984,21.44
1985,21.53
1986,21.38
1987,21.34
1988,21.75
1989,21.30
1990,21.58
1991,21.59
1992,21.68
1993,
1994,21.02
1995,21.50
1996,21.95
1997,21.33
1998,21.30
1999,
2000,21.27
2001,21.56
2002,21.29
2003,
2004,21.55
2005,21.44
2006,21.23
2007,21.62
2008,21.40
2009,21.31
2010,21.07
2011,21.45
2012,21.66
2013,21.33
2014,21.28
2015,21.58
2016,21.24
2017,21.60
2018,21.58
2019,
2020,21.69
2021,
2022,21.48
2023,21.50
2024,
2025,21.57
2026,21.61
2027,21.26
2028,21.45
2029,21.49
2030,21.43
2031,21.49
2032,21.25
2033,21.54
2034,21.36
2035,21.65
2036,21.51
2037,21.52
2038,21.48
2039,21.41
2040,21.46
2041,21.36
2042,21.52
2043,
2044,21.34
2045,21.44
2046,21.09
2047,21.46
2048,21.52
2049,21.62
2050,21.28
2051,21.56
2052,
2053,21.31
2054,21.31
2055,21.29
2056,21.28
2057,21.52
2058,21.32
2059,
2060,21.32
2061,21.64
2062,21.42
2063,21.31
2064,21.32
2065,21.21
2066,
2067,21.41
2068,21.37
2069,21.75
2070,21.36
2071,21.30
2072,21.01
2073,21.02
2074,
2075,
2076,21.28
2077,21.73
2078,21.49
2079,21.20
2080,21.13
2081,21.52
2082,21.30
2083,21.86
2084,21.50
2085,21.32
2086,
2087,21.29
2088,21.46
2089,21.31
2090,21.48
2091,21.58
2092,21.43
2093,21.33
2094,20.33
2095,21.65
2096,21.69
2097,21.32
2098,21.44
2099,21.33
2100,21.29
2101,21.48
2102,25.20
2103,21.46
2104,21.45
2105,21.36
2106,21.65
2107,21.62
2108,21.59
2109,21.53
2110,21.27
2111,21.40
2112,20.90
2113,21.48
2114,21.52
2115,21.48
2116,21.74
2117,21.03
2118,
2119,21.32
2120,21.69
2121,21.39
2122,21.43
2123,21.23
2124,21.39
2125,21.48
2126,21.52
2127,21.29
2128,21.37
2129,19.42
2130,20.94
2131,21.49
2132,21.34
2133,21.42
2134,21.70
2135,
2136,
2137,
2138,21.62
2139,21.18
2140,21.34
2141,21.26
2142,21.46
2143,
2144,21.29
2145,21.66
2146,21.56
2147,21.21
2148,21.43
2149,
2150,
2151,
2152,21.57
2153,21.59
2154,21.54
2155,
2156,22.19
2157,21.31
2158,21.68
2159,
2160,21.65
2161,21.38
2162,21.67
2163,21.52
2164,21.63
2165,21.47
2166,21.39
2167,21.35
2168,21.32
2169,21.31
2170,21.49
2171,21.29
2172,
2173,21.33
2174,21.27
2175,21.18
2176,21.50
2177,21.23
2178,18.65
2179,21.35
2180,21.32
2181,21.29
2182,21.55
2183,21.30
2184,21.47
2185,21.49
2186,21.12
2187,21.32
2188,21.21
2189,21.27
2190,21.02
2191,21.60
2192,21.47
2193,21.73
2194,
2195,21.58
2196,21.34
2197,
2198,21.60
2199,21.44
2200,21.32
2201,21.67
2202,21.26
2203,21.15
2204,21.55
2205,21.24
2206,21.33
2207,21.34
2208,21.40
2209,21.34
2210,21.36
2211,21.42
2212,21.64
2213,21.68
2214,21.25
2215,
2216,21.63
2217,21.30
2218,21.63
2219,21.54
2220,21.31
2221,21.28
2222,21.51
2223,21.50
2224,21.34
2225,21.53
2226,21.35
2227,21.63
2228,21.31
2229,21.57
2230,21.57
2231,21.27
2232,21.45
2233,21.21
2234,21.27
2235,21.44
2236,21.27
2237,21.70
2238,21.45
2239,
2240,
2241,21.50
2242,21.57
2243,21.30
2244,
2245,21.36
2246,21.99
2247,21.32
2248,21.62
2249,21.31
2250,
2251,21.66
2252,21.45
2253,21.15
2254,21.70
2255,21.60
2256,21.59
2257,
2258,22.19
2259,21.33
2260,21.29
2261,21.46
2262,21.16
2263,21.70
2264,21.60
2265,21.46
2266,21.57
2267,
2268,
2269,21.15
2270,21.60
2271,21.60
2272,21.28
2273,21.56
2274,21.23
2275,21.48
2276,21.60
2277,21.45
2278,21.05
2279,21.29
2280,21.30
2281,21.71
2282,21.35
2283,21.50
2284,21.48
2285,21.61
2286,21.25
2287,21.47
2288,21.58
2289,21.59
2290,21.27
2291,21.43
2292,21.22
2293,21.71
2294,21.26
2295,21.31
2296,21.32
2297,21.36
2298,21.64
2299,21.64
2300,21.30
2301,21.47
2302,21.58
2303,21.28
2304,21.41
2305,21.27
2306,21.58
2307,21.45
2308,21.35
2309,21.55
2310,21.21
2311,
2312,21.59
2313,21.70
2314,21.30
2315,21.54
2316,21.32
2317,21.29
2318,
2319,21.32
2320,21.46
2321,21.59
2322,21.35
2323,21.59
2324,21.63
2325,21.47
2326,21.34
2327,21.27
2328,
2329,21.31
2330,21.56
2331,21.47
2332,21.34
2333,
2334,21.31
2335,
2336,21.54
2337,21.45
2338,21.32
2339,21.48
2340,21.26
2341,21.50
2342,21.40
2343,21.31
2344,21.36
2345,21.46
2346,
2347,21.33
2348,21.63
2349,21.96
2350,21.34
2351,21.56
2352,21.55
2353,21.31
2354,21.47
2355,
2356,20.95
2357,21.41
2358,21.58
2359,21.56
2360,21.25
2361,21.37
2362,21.56
2363,21.60
2364,20.75
2365,
2366,21.36
2367,21.61
2368,21.66
2369,21.48
2370,21.45
2371,21.37
2372,21.49
2373,
2374,21.30
2375,21.21
2376,21.24
2377,21.24
2378,21.41
2379,21.35
2380,21.45
2381,21.55
2382,21.24
2383,21.36
2384,21.16
2385,21.46
2386,21.27
2387,21.60
2388,21.31
2389,21.57
2390,21.56
2391,
2392,21.25
2393,21.18
2394,21.36
2395,21.33
2396,21.50
2397,20.49
2398,21.68
2399,21.27
2400,21.55
2401,
2402,21.67
2403,21.27
2404,21.48
2405,21.25
2406,
2407,21.30
2408,21.42
2409,
2410,21.37
2411,21.68
2412,21.53
2413,21.85
2414,20.93
2415,21.49
2416,21.24
2417,21.57
2418,21.29
2419,21.44
2420,21.33
2421,21.38
2422,21.16
2423,21.81
2424,21.64
2425,21.43
2426,21.57
2427,21.30
2428,21.26
2429,19.98
2430,21.61
2431,21.32
2432,21.65
2433,
2434,21.37
2435,21.29
2436,21.31
2437,21.27
2438,21.28
2439,21.35
2440,
2441,21.47
2442,21.35
2443,21.36
2444,
2445,21.58
2446,21.50
2447,21.52
2448,21.43
2449,21.55
2450,21.68
2451,21.71
2452,21.29
2453,21.59
2454,21.40
2455,
2456,21.31
2457,21.45
2458,21.30
2459,
2460,21.69
2461,21.22
2462,21.65
2463,21.29
2464,21.47
2465,21.18
2466,21.29
2467,21.38
2468,21.33
2469,21.34
2470,21.61
2471,
2472,
2473,21.41
2474,21.66
2475,21.30
2476,21.59
2477,21.54
2478,21.29
2479,21.29
2480,21.32
2481,21.68
2482,
2483,21.15
2484,21.33
2485,21.71
2486,21.40
2487,21.00
2488,21.47
2489,21.47
2490,21.57
2491,21.32
2492,21.49
2493,21.31
2494,21.49
2495,21.23
2496,21.26
2497,21.34
2498,21.41
2499,21.52
2500,21.42
2501,
2502,21.29
2503,21.56
2504,21.34
2505,
2506,21.27
2507,21.42
2508,21.35
2509,21.32
2510,20.90
2511,21.12
2512,21.53
2513,21.27
2514,21.26
2515,21.27
2516,21.56
2517,22.06
2518,21.28
2519,21.39
2520,21.51
2521,21.56
2522,21.01
2523,21.70
2524,21.65
2525,21.38
2526,22.21
2527,21.36
2528,21.35
2529,21.13
2530,21.26
2531,21.95
2532,21.80
2533,21.35
2534,21.27
2535,21.68
2536,21.29
2537,21.27
2538,21.29
2539,21.28
2540,21.20
2541,21.38
2542,21.46
2543,21.35
2544,21.28
2545,21.78
2546,21.19
2547,21.31
2548,21.45
2549,21.54
2550,20.84
2551,21.31
2552,21.60
2553,21.43
2554,21.35
2555,21.37
2556,21.29
2557,21.31
2558,21.29
2559,21.36
2560,21.65
2561,21.32
2562,21.74
2563,21.76
2564,21.30
2565,21.78
2566,21.22
2567,21.26
2568,21.27
2569,21.27
2570,21.43
2571,21.07
2572,21.63
2573,21.07
2574,21.53
2575,21.73
2576,21.60
2577,21.51
2578,21.34
2579,21.26
2580,21.21
2581,21.55
2582,21.46
2583,
2584,21.52
2585,21.74
2586,21.94
2587,21.34
2588,21.32
2589,21.30
2590,21.25
2591,21.05
2592,22.20
2593,21.50
2594,21.32
2595,21.35
2596,
2597,21.56
2598,21.54
2599,21.35
2600,
2601,
2602,21.45
2603,21.80
2604,21.50
2605,21.27
2606,21.28
2607,21.51
2608,21.55
2609,21.31
2610,21.41
2611,21.46
2612,21.61
2613,21.46
2614,21.27
2615,22.10
2616,21.27
2617,21.86
2618,21.38
2619,
2620,21.24
2621,21.29
2622,21.56
2623,21.29
2624,21.73
2625,21.24
2626,21.33
2627,21.62
2628,21.39
2629,21.32
2630,21.25
2631,21.26
2632,
2633,21.72
2634,
2635,21.64
2636,21.77
2637,21.49
2638,21.37
2639,21.09
2640,21.36
2641,21.52
2642,21.37
2643,21.21
2644,21.56
2645,21.59
2646,
2647,21.67
2648,
2649,21.41
2650,21.43
2651,21.50
2652,21.23
2653,21.53
2654,21.29
2655,
2656,21.65
2657,21.27
2658,20.18
2659,21.35
2660,
2661,21.39
2662,21.35
2663,21.47
2664,21.43
2665,
2666,21.26
2667,21.43
2668,21.09
2669,21.28
2670,21.53
2671,21.16
2672,21.10
2673,21.59
2674,21.85
2675,21.35
2676,21.42
2677,
2678,21.42
2679,21.23
2680,21.66
2681,21.28
2682,21.37
2683,21.42
2684,21.50
2685,21.08
2686,21.32
2687,21.50
2688,21.28
2689,21.75
2690,21.66
2691,21.58
2692,21.62
2693,21.57
2694,21.36
2695,21.30
2696,21.49
2697,21.23
2698,21.28
2699,21.31
2700,21.64
2701,21.41
2702,21.44
2703,21.32
2704,21.73
2705,21.24
2706,21.45
2707,21.29
2708,21.59
2709,
2710,21.28
2711,21.65
2712,21.23
2713,21.63
2714,21.63
2715,
2716,21.50
2717,21.40
2718,21.39
2719,21.12
2720,21.37
2721,21.34
2722,21.62
2723,21.52
2724,21.41
2725,21.44
2726,21.32
2727,21.39
2728,21.39
2729,21.43
2730,22.74
2731,21.46
2732,21.67
2733,21.36
2734,21.36
2735,21.29
2736,21.67
2737,21.27
2738,
2739,21.27
2740,21.36
2741,21.57
2742,21.25
2743,21.69
2744,21.46
2745,21.37
2746,21.62
2747,21.58
2748,21.34
2749,21.71
2750,21.31
2751,21.31
2752,
2753,
2754,21.30
2755,21.55
2756,21.91
2757,21.82
2758,21.61
2759,
2760,21.62
2761,21.35
2762,21.32
2763,21.58
2764,21.54
2765,21.67
2766,21.67
2767,21.91
2768,
2769,21.74
2770,21.51
2771,21.34
2772,21.33
2773,21.37
2774,21.12
2775,21.61
2776,21.32
2777,21.61
2778,21.31
2779,21.29
2780,21.70
2781,21.32
2782,21.38
2783,21.57
2784,21.51
2785,21.26
2786,21.68
2787,21.38
2788,21.32
2789,21.25
2790,21.49
2791,21.26
2792,21.49
2793,21.33
2794,21.37
2795,21.33
2796,21.41
2797,21.30
2798,21.33
2799,21.26
2800,21.31
2801,21.50
2802,21.49
2803,21.35
2804,21.33
2805,21.58
2806,21.47
2807,21.46
2808,21.30
2809,21.42
2810,
2811,21.11
2812,21.33
2813,21.61
2814,21.45
2815,21.29
2816,21.33
2817,21.32
2818,21.23
2819,
2820,21.52
2821,
2822,22.02
2823,21.63
2824,21.46
2825,21.75
2826,21.52
2827,21.34
2828,20.87
2829,21.08
2830,21.49
2831,
2832,21.55
2833,21.13
2834,
2835,21.69
2836,21.28
2837,21.44
2838,21.34
2839,
2840,21.29
2841,21.47
2842,21.67
2843,21.36
2844,21.21
2845,21.36
2846,21.74
2847,21.60
2848,21.51
2849,21.31
2850,21.62
2851,21.22
2852,21.59
2853,21.33
2854,21.27
2855,21.51
2856,21.60
2857,21.45
2858,21.45
2859,
2860,21.57
2861,21.72
2862,21.09
2863,21.27
2864,21.69
2865,
2866,21.56
2867,21.25
2868,21.29
2869,21.54
2870,21.00
2871,
2872,22.07
2873,21.39
2874,21.53
2875,21.61
2876,17.56
2877,21.34
2878,21.55
2879,21.45
2880,21.35
2881,21.56
2882,21.65
2883,21.81
2884,21.40
2885,21.40
2886,21.68
2887,21.28
2888,21.42
2889,21.97
2890,21.36
2891,21.75
2892,21.66
2893,21.23
2894,21.33
2895,21.66
2896,21.72
2897,21.65
2898,21.62
2899,21.44
2900,21.66
2901,21.30
2902,21.33
2903,21.68
2904,21.50
2905,21.41
2906,21.24
2907,21.27
2908,21.62
2909,21.32
2910,21.02
2911,21.59
2912,21.41
2913,21.26
2914,21.48
2915,21.65
2916,21.33
2917,21.27
2918,21.08
2919,21.49
2920,21.58
2921,21.74
2922,21.40
2923,21.37
2924,21.34
2925,21.69
2926,21.37
2927,21.00
2928,21.57
2929,21.53
2930,21.41
2931,21.65
2932,21.35
2933,21.76
2934,21.57
2935,21.34
2936,21.63
2937,21.75
2938,21.63
2939,21.43
2940,21.72
2941,21.61
2942,21.44
2943,21.31
2944,21.36
2945,21.50
2946,20.26
2947,21.29
2948,21.50
2949,21.30
2950,21.35
2951,21.36
2952,21.35
2953,21.48
2954,21.35
2955,21.40
2956,21.34
2957,
2958,21.32
2959,22.00
2960,21.30
2961,21.30
2962,21.12
2963,
2964,21.30
2965,
2966,21.55
2967,21.27
2968,21.26
2969,21.33
2970,21.38
2971,21.38
2972,21.70
2973,21.47
2974,21.30
2975,21.62
2976,21.62
2977,21.31
2978,
2979,21.16
2980,21.74
2981,21.66
2982,21.48
2983,21.69
2984,21.27
2985,
2986,
2987,21.32
2988,21.69
2989,21.50
2990,22.12
2991,
2992,
2993,21.31
2994,21.72
2995,21.27
2996,21.47
2997,21.33
2998,
2999,21.36
3000,21.44
3001,
3002,21.32
3003,21.34
3004,21.62
3005,21.33
3006,
3007,21.66
3008,21.71
3009,21.34
3010,21.21
3011,21.44
3012,21.43
3013,
3014,
3015,21.29
3016,21.49
3017,21.22
3018,21.58
3019,21.68
3020,21.67
3021,21.24
3022,21.59
3023,21.37
3024,21.39
3025,
3026,21.82
3027,21.48
3028,21.57
3029,21.23
3030,21.48
3031,21.35
3032,21.24
3033,
3034,21.65
3035,21.12
3036,21.57
3037,21.62
3038,
3039,22.51
3040,21.43
3041,21.66
3042,21.85
3043,21.60
3044,21.55
3045,21.55
3046,21.50
3047,21.52
3048,21.28
3049,21.64
3050,
3051,21.40
3052,21.43
3053,21.41
3054,
3055,21.54
3056,20.26
3057,21.28
3058,21.69
3059,21.42
3060,21.33
3061,21.32
3062,21.66
3063,21.39
3064,21.50
3065,21.35
3066,21.30
3067,21.50
3068,22.73
3069,21.29
3070,21.20
3071,21.30
3072,21.37
3073,21.36
3074,21.42
3075,21.11
3076,21.31
3077,21.25
3078,21.12
3079,21.69
3080,21.72
3081,21.42
3082,21.25
3083,
3084,21.31
3085,21.63
3086,21.47
3087,21.43
3088,21.18
3089,21.34
3090,21.73
3091,21.41
3092,21.64
3093,21.34
3094,21.33
3095,21.29
3096,21.43
3097,21.38
3098,21.49
3099,21.30
3100,
3101,21.69
3102,21.28
3103,21.49
3104,
3105,21.68
3106,24.19
3107,21.75
3108,21.26
3109,21.41
3110,21.34
3111,21.28
3112,21.34
3113,21.34
3114,21.30
3115,21.38
3116,21.63
3117,21.29
3118,
3119,21.47
3120,21.48
3121,21.54
3122,21.25
3123,21.32
3124,22.45
3125,21.53
3126,21.39
3127,21.52
3128,21.44
3129,21.32
3130,21.39
3131,21.36
3132,21.30
3133,21.37
3134,21.43
3135,21.77
3136,
3137,
3138,21.55
3139,21.31
3140,21.67
3141,21.41
3142,21.63
3143,21.39
3144,21.34
3145,21.21
3146,21.47
3147,
3148,21.53
3149,
3150,21.48
3151,21.28
3152,21.47
3153,21.22
3154,21.18
3155,21.68
3156,21.49
3157,21.28
3158,21.73
3159,21.45
3160,21.73
3161,21.42
3162,21.32
3163,21.36
3164,21.47
3165,21.60
3166,21.31
3167,21.55
3168,21.32
3169,21.34
3170,21.65
3171,21.35
3172,21.37
3173,21.39
3174,21.35
3175,21.60
3176,21.23
3177,21.53
3178,
3179,21.36
3180,23.12
3181,21.43
3182,
3183,
3184,21.21
3185,21.63
3186,
3187,21.15
3188,
3189,
3190,21.37
3191,
3192,21.34
3193,21.66
3194,21.36
3195,21.43
3196,21.29
3197,21.36
3198,21.74
3199,21.59
3200,21.41
3201,21.44
3202,21.47
3203,21.42
3204,21.54
3205,21.29
3206,21.35
3207,21.59
3208,21.34
3209,21.51
3210,21.37
3211,
3212,21.22
3213,
3214,21.35
3215,21.22
3216,21.42
3217,21.29
3218,21.73
3219,
3220,21.53
3221,21.26
3222,21.36
3223,21.42
3224,21.31
3225,21.39
3226,21.39
3227,21.58
3228,21.34
3229,21.16
3230,21.49
3231,21.57
3232,21.29
3233,21.31
3234,21.61
3235,21.61
3236,21.47
3237,21.31
3238,21.33
3239,21.55
3240,
3241,21.44
3242,21.39
3243,
3244,21.58
3245,21.32
3246,22.35
3247,21.43
3248,21.26
3249,22.35
3250,21.68
3251,
3252,21.52
3253,21.38
3254,21.36
3255,21.58
3256,21.63
3257,21.48
3258,21.22
3259,21.59
3260,21.44
3261,21.36
3262,21.36
3263,
3264,21.52
3265,21.53
3266,21.28
3267,21.34
3268,21.33
3269,21.70
3270,21.18
3271,
3272,21.35
3273,21.27
3274,21.38
3275,21.41
3276,
3277,21.28
3278,21.63
3279,21.26
3280,21.65
3281,21.32
3282,21.44
3283,21.70
3284,21.53
3285,20.82
3286,
3287,21.62
3288,
3289,21.46
3290,21.67
3291,21.30
3292,21.37
3293,21.25
3294,21.27
3295,21.32
3296,21.31
3297,21.42
3298,21.70
3299,21.75
3300,21.75
3301,21.34
3302,21.93
3303,21.49
3304,21.35
3305,21.35
3306,21.80
3307,21.66
3308,21.48
3309,21.33
3310,21.52
3311,
3312,
3313,21.37
3314,21.34
3315,21.27
3316,21.25
3317,21.40
3318,21.35
3319,
3320,
3321,21.14
3322,
3323,21.77
3324,21.37
3325,21.58
3326,
3327,21.61
3328,20.59
3329,21.45
3330,
3331,21.38
3332,21.26
3333,21.31
3334,21.68
3335,21.36
3336,21.56
3337,21.38
3338,21.44
3339,21.65
3340,
3341,21.31
3342,21.48
3343,
3344,21.11
3345,21.70
3346,21.51
3347,
3348,21.31
3349,21.28
3350,21.63
3351,
3352,21.24
3353,21.66
3354,21.11
3355,21.51
3356,21.57
3357,21.25
3358,21.33
3359,21.36
3360,
3361,21.36
3362,21.69
3363,21.38
3364,21.72
3365,21.51
3366,21.90
3367,21.61
3368,21.27
3369,21.40
3370,
3371,21.60
3372,21.64
3373,21.52
3374,21.41
3375,21.33
3376,21.63
3377,21.39
3378,21.35
3379,21.57
3380,21.68
3381,22.26
3382,21.25
3383,21.66
3384,21.66
3385,21.74
3386,21.27
3387,21.67
3388,
3389,21.32
3390,21.61
3391,
3392,21.61
3393,20.11
3394,20.28
3395,21.31
3396,
3397,21.23
3398,21.68
3399,21.24
3400,21.62
3401,21.19
3402,18.04
3403,21.50
3404,21.75
3405,21.48
3406,21.27
3407,21.79
3408,21.56
3409,21.41
3410,21.57
3411,21.45
3412,21.80
3413,21.21
3414,21.67
3415,21.24
3416,21.32
3417,21.29
3418,21.32
3419,21.49
3420,21.11
3421,21.36
3422,21.21
3423,21.07
3424,21.35
3425,21.31
3426,21.28
3427,21.58
3428,21.53
3429,21.35
3430,21.30
3431,21.76
3432,21.58
3433,21.41
3434,21.33
3435,21.76
3436,21.38
3437,21.30
3438,21.08
3439,21.76
3440,21.34
3441,21.61
3442,21.45
3443,21.53
3444,21.63
3445,21.49
3446,21.32
3447,21.35
3448,
3449,21.40
3450,21.39
3451,21.56
3452,21.54
3453,21.58
3454,21.28
3455,
3456,
3457,21.27
3458,
3459,21.35
3460,21.60
3461,21.32
3462,21.48
3463,21.55
3464,21.29
3465,21.49
3466,21.66
3467,21.35
3468,21.60
3469,21.61
3470,21.48
3471,21.39
3472,21.57
3473,22.24
3474,21.34
3475,21.46
3476,21.72
3477,21.68
3478,21.72
3479,21.67
3480,
3481,21.41
3482,21.38
3483,21.00
3484,21.50
3485,21.67
3486,
3487,21.71
3488,21.64
3489,21.34
3490,21.66
3491,21.69
3492,21.32
3493,21.32
3494,21.49
3495,21.23
3496,22.30
3497,21.88
3498,21.37
3499,21.62
3500,21.12
3501,21.72
3502,21.56
3503,21.51
3504,
3505,21.44
3506,21.50
3507,21.39
3508,21.32
3509,21.28
3510,
3511,21.70
3512,21.59
3513,21.26
3514,21.34
3515,21.38
3516,21.31
3517,21.47
3518,21.63
3519,21.43
3520,21.44
3521,20.94
3522,21.64
3523,21.34
3524,21.24
3525,21.44
3526,
3527,21.40
3528,22.29
3529,
3530,21.62
3531,21.75
3532,21.70
3533,
3534,21.46
3535,21.30
3536,
3537,21.27
3538,21.62
3539,21.99
3540,21.32
3541,21.27
3542,21.55
3543,
3544,21.26
3545,21.96
3546,21.40
3547,21.69
3548,21.55
3549,21.35
3550,21.15
3551,20.98
3552,24.38
3553,21.69
3554,21.23
3555,21.50
3556,21.53
3557,22.10
3558,21.59
3559,21.08
3560,21.43
3561,21.49
3562,21.71
3563,21.36
3564,20.83
3565,21.46
3566,21.54
3567,21.61
3568,21.38
3569,
3570,21.26
3571,20.68
3572,21.38
3573,21.79
3574,21.36
3575,21.32
3576,21.37
3577,21.43
3578,21.27
3579,
3580,21.72
3581,21.59
3582,21.25
3583,
3584,21.73
3585,
3586,21.38
3587,
3588,21.72
3589,21.61
3590,
3591,21.45
3592,21.45
3593,21.66
3594,21.32
3595,21.31
3596,21.37
3597,21.43
3598,21.38
3599,21.91
3600,21.69
3601,21.54
3602,21.34
3603,21.37
3604,21.76
3605,
3606,
3607,
3608,
3609,21.54
3610,21.31
3611,21.51
3612,21.34
3613,21.63
3614,21.29
3615,21.64
3616,21.61
3617,21.48
3618,21.15
3619,21.59
3620,21.87
3621,21.48
3622,21.40
3623,
3624,21.57
3625,21.44
3626,21.44
3627,
3628,
3629,21.18
3630,21.18
3631,21.53
3632,22.19
3633,21.50
3634,
3635,21.37
3636,21.48
3637,21.40
3638,21.52
3639,21.43
3640,21.37
3641,21.39
3642,21.31
3643,21.56
3644,21.33
3645,21.29
3646,21.75
3647,21.50
3648,21.56
3649,21.40
3650,21.29
3651,21.33
3652,21.10
3653,21.53
3654,21.50
3655,
3656,21.64
3657,21.60
3658,21.46
3659,21.85
3660,21.34
3661,21.52
3662,21.60
3663,21.29
3664,21.43
3665,
3666,21.27
3667,
3668,21.36
3669,21.37
3670,22.09
3671,21.37
3672,21.63
3673,21.52
3674,
3675,21.64
3676,21.57
3677,21.38
3678,21.51
3679,21.71
3680,
3681,21.38
3682,21.54
3683,20.97
3684,21.62
3685,21.31
3686,21.58
3687,21.43
3688,21.75
3689,21.96
3690,
3691,
3692,21.76
3693,21.38
3694,21.36
3695,21.37
3696,21.50
3697,21.24
3698,21.33
3699,21.52
3700,21.81
3701,21.27
3702,21.41
3703,
3704,
3705,21.11
3706,21.68
3707,21.31
3708,21.41
3709,21.30
3710,21.28
3711,21.28
3712,21.34
3713,21.53
3714,21.29
3715,21.34
3716,21.23
3717,21.55
3718,21.54
3719,21.29
3720,21.11
3721,21.67
3722,21.36
3723,21.34
3724,21.01
3725,21.31
3726,21.55
3727,21.42
3728,21.72
3729,21.61
3730,21.74
3731,21.63
3732,21.27
3733,21.27
3734,21.54
3735,21.69
3736,21.31
3737,21.52
3738,21.25
3739,
3740,21.50
3741,21.45
3742,21.63
3743,21.73
3744,21.36
3745,21.16
3746,
3747,21.38
3748,21.33
3749,
3750,21.49
3751,
3752,21.67
3753,21.35
3754,21.70
3755,21.39
3756,21.78
3757,21.45
3758,21.44
3759,21.48
3760,21.83
3761,21.83
3762,21.47
3763,21.70
3764,21.52
3765,21.32
3766,21.65
3767,21.65
3768,21.80
3769,
3770,21.44
3771,
3772,21.30
3773,21.61
3774,21.47
3775,21.32
3776,21.41
3777,21.70
3778,23.00
3779,21.36
3780,21.59
3781,21.47
3782,21.93
3783,21.51
3784,21.37
3785,21.53
3786,21.68
3787,22.00
3788,21.63
3789,21.67
3790,21.43
3791,21.36
3792,21.34
3793,21.37
3794,21.43
3795,21.25
3796,21.87
3797,21.33
3798,21.43
3799,21.41
3800,21.83
3801,
3802,21.28
3803,21.53
3804,21.50
3805,21.58
3806,21.48
3807,21.55
3808,21.80
3809,21.61
3810,21.30
3811,
3812,21.75
3813,21.47
3814,21.56
3815,21.35
3816,21.53
3817,21.36
3818,21.35
3819,
3820,21.65
3821,21.77
3822,21.50
3823,21.54
3824,21.34
3825,21.29
3826,21.37
3827,21.67
3828,21.34
3829,21.54
3830,21.10
3831,21.34
3832,21.36
3833,21.66
3834,21.78
3835,21.34
3836,21.57
3837,21.29
3838,
3839,21.40
3840,22.27
3841,21.93
3842,21.37
3843,
3844,21.71
3845,21.83
3846,21.34
3847,21.34
3848,22.33
3849,21.32
3850,21.28
3851,21.63
3852,21.37
3853,21.34
3854,21.52
3855,21.24
3856,21.31
3857,21.64
3858,21.43
3859,21.44
3860,21.35
3861,21.43
3862,21.04
3863,21.04
3864,21.74
3865,21.27
3866,21.26
3867,21.55
3868,21.32
3869,20.98
3870,21.39
3871,21.39
3872,
3873,21.61
3874,21.37
3875,21.62
3876,21.86
3877,21.86
3878,21.80
3879,21.36
3880,21.07
3881,21.32
3882,21.58
3883,
3884,21.51
3885,21.33
3886,
3887,22.32
3888,21.49
3889,
3890,21.26
3891,21.29
3892,21.32
3893,21.40
3894,
3895,21.66
3896,21.40
3897,21.79
3898,21.86
3899,21.71
3900,21.61
3901,21.33
3902,21.42
3903,21.30
3904,21.64
3905,
3906,21.53
3907,21.41
3908,
3909,21.72
3910,21.42
3911,21.38
3912,21.47
3913,21.35
3914,21.43
3915,21.67
3916,21.53
3917,21.47
3918,21.40
3919,21.64
3920,21.46
3921,21.51
3922,21.49
3923,21.77
3924,21.31
3925,
3926,21.59
3927,21.54
3928,21.73
3929,21.36
3930,22.10
3931,21.53
3932,
3933,21.70
3934,21.34
3935,21.43
3936,21.61
3937,21.66
3938,21.66
3939,21.27
3940,22.04
3941,21.63
3942,21.37
3943,21.74
3944,21.65
3945,21.43
3946,21.48
3947,21.47
3948,21.75
3949,21.62
3950,
3951,21.36
3952,21.37
3953,21.30
3954,21.42
3955,21.50
3956,21.33
3957,21.48
3958,21.59
3959,21.37
3960,21.67
3961,21.57
3962,21.27
3963,21.14
3964,21.70
3965,21.27
3966,21.76
3967,21.33
3968,21.24
3969,21.31
3970,21.75
3971,21.72
3972,21.32
3973,21.34
3974,21.73
3975,21.13
3976,21.69
3977,21.69
3978,21.36
3979,21.57
3980,21.27
3981,
3982,21.27
3983,21.57
3984,21.31
3985,20.67
3986,21.69
3987,
3988,22.02
3989,21.05
3990,
3991,21.38
3992,21.32
3993,21.68
3994,21.33
3995,21.36
3996,
3997,21.63
3998,21.33
3999,21.28
4000,21.31
4001,21.71
4002,21.61
4003,21.54
4004,21.29
4005,21.74
4006,21.41
4007,21.39
4008,21.36
4009,21.47
4010,21.73
4011,
4012,21.46
4013,21.84
4014,21.84
4015,21.39
4016,21.38
4017,21.78
4018,21.36
4019,21.37
4020,21.38
4021,21.48
4022,21.14
4023,
4024,21.36
4025,21.39
4026,21.40
4027,21.60
4028,21.39
4029,
4030,21.61
4031,21.51
4032,21.41
4033,21.32
4034,21.72
4035,
4036,21.24
4037,22.35
4038,21.31
4039,21.43
4040,21.25
4041,21.37
4042,21.34
4043,21.54
4044,21.72
4045,21.80
4046,21.56
4047,
4048,
4049,21.36
4050,22.20
4051,21.60
4052,21.37
4053,21.41
4054,21.35
4055,21.69
4056,21.55
4057,21.85
4058,21.63
4059,21.60
4060,21.38
4061,21.71
4062,21.52
4063,21.31
4064,
4065,
4066,22.40
4067,21.37
4068,
4069,21.69
4070,21.43
4071,21.37
4072,21.28
4073,21.28
4074,21.28
4075,22.00
4076,21.66
4077,21.35
4078,21.72
4079,21.31
4080,21.52
4081,21.73
4082,
4083,21.30
4084,
4085,21.36
4086,21.33
4087,21.48
4088,21.39
4089,21.32
4090,21.27
4091,21.31
4092,21.30
4093,21.33
4094,21.81
4095,21.34
4096,21.72
4097,21.35
4098,21.58
4099,21.62
4100,21.62
4101,21.36
4102,21.37
4103,21.82
4104,21.57
4105,
4106,
4107,21.79
4108,21.32
4109,21.38
4110,21.63
4111,21.44
4112,
4113,21.54
4114,23.00
4115,21.35
4116,21.52
4117,21.68
4118,21.69
4119,22.16
4120,21.44
4121,22.10
4122,21.44
4123,21.37
4124,21.67
4125,21.62
4126,21.53
4127,21.23
4128,21.61
4129,21.26
4130,
4131,21.36
4132,21.03
4133,21.83
4134,
4135,21.30
4136,
4137,21.33
4138,21.28
4139,21.24
4140,21.32
4141,21.35
4142,21.80
4143,21.38
4144,21.42
4145,
4146,21.52
4147,
4148,21.20
4149,
4150,
4151,21.00
4152,21.23
4153,21.62
4154,21.86
4155,21.60
4156,21.70
4157,21.85
4158,
4159,21.68
4160,
4161,21.32
4162,22.10
4163,21.38
4164,21.39
4165,21.50
4166,21.41
4167,21.32
4168,21.39
4169,21.45
4170,21.32
4171,
4172,
4173,21.52
4174,21.69
4175,21.55
4176,21.72
4177,21.35
4178,21.61
4179,21.40
4180,21.57
4181,21.26
4182,21.38
4183,21.42
4184,
4185,21.73
4186,21.45
4187,21.25
4188,21.61
4189,21.67
4190,
4191,21.44
4192,
4193,21.32
4194,21.37
4195,21.45
4196,21.27
4197,21.63
4198,21.80
4199,
4200,21.43
4201,21.51
4202,22.35
4203,
4204,
4205,21.57
4206,19.37
4207,21.57
4208,21.49
4209,21.28
4210,21.58
4211,
4212,21.52
4213,
4214,21.34
4215,
4216,21.29
4217,21.43
4218,21.33
4219,21.66
4220,21.85
4221,21.42
4222,21.52
4223,21.52
4224,21.36
4225,21.58
4226,21.44
4227,21.99
4228,21.55
4229,21.38
4230,21.14
4231,21.36
4232,21.44
4233,25.47
4234,21.38
4235,22.40
4236,21.33
4237,21.29
4238,21.36
4239,21.77
4240,21.34
4241,21.36
4242,21.29
4243,22.48
4244,
4245,21.33
4246,21.65
4247,21.58
4248,21.66
4249,21.37
4250,21.33
4251,22.47
4252,21.31
4253,21.68
4254,21.31
4255,21.63
4256,21.41
4257,21.24
4258,22.03
4259,21.40
4260,21.56
4261,21.22
4262,
4263,21.48
4264,21.56
4265,
4266,21.69
4267,21.80
4268,21.25
4269,21.16
4270,21.44
4271,21.65
4272,21.62
4273,
4274,21.87
4275,24.81
4276,21.20
4277,21.58
4278,21.34
4279,21.38
4280,21.34
4281,21.35
4282,21.72
4283,21.39
4284,21.73
4285,
4286,21.30
4287,21.75
4288,
4289,
4290,21.68
4291,21.43
4292,21.76
4293,22.37
4294,21.37
4295,21.38
4296,
4297,21.12
4298,21.57
4299,21.38
4300,21.30
4301,21.33
4302,21.76
4303,21.37
4304,21.37
4305,
4306,21.21
4307,21.59
4308,21.89
4309,22.23
4310,
4311,21.34
4312,21.12
4313,21.29
4314,22.37
4315,21.38
4316,21.27
4317,21.34
4318,21.51
4319,21.44
4320,21.98
4321,21.82
4322,21.38
4323,21.37
4324,21.39
4325,
4326,21.32
4327,22.26
4328,21.78
4329,21.66
4330,21.30
4331,21.16
4332,21.51
4333,21.51
4334,21.26
4335,21.33
4336,
4337,21.50
4338,21.28
4339,21.38
4340,21.39
4341,21.27
4342,21.11
4343,
4344,21.39
4345,21.78
4346,21.53
4347,21.37
4348,21.49
4349,
4350,21.42
4351,21.75
4352,22.12
4353,21.43
4354,21.67
4355,
4356,21.30
4357,21.09
4358,21.22
4359,
4360,
4361,21.28
4362,21.68
4363,21.79
4364,22.00
4365,21.69
4366,21.32
4367,21.73
4368,21.34
4369,21.25
4370,
4371,21.70
4372,21.34
4373,21.58
4374,21.35
4375,21.70
4376,21.96
4377,21.30
4378,21.40
4379,
4380,20.91
4381,21.65
4382,21.30
4383,22.41
4384,22.51
4385,21.77
4386,
4387,21.30
4388,21.75
4389,21.47
4390,21.46
4391,21.58
4392,21.50
4393,21.33
4394,21.40
4395,21.58
4396,22.01
4397,21.73
4398,21.56
4399,21.49
4400,21.42
4401,21.74
4402,21.65
4403,21.77
4404,22.12
4405,21.46
4406,
4407,21.36
4408,21.43
4409,21.44
4410,21.34
4411,21.38
4412,21.61
4413,21.60
4414,21.12
4415,21.86
4416,21.37
4417,20.59
4418,
4419,
4420,21.64
4421,21.22
4422,21.45
4423,21.53
4424,21.60
4425,21.36
4426,21.31
4427,21.51
4428,21.38
4429,21.10
4430,21.43
4431,21.37
4432,21.35
4433,21.20
4434,21.50
4435,21.42
4436,21.26
4437,21.68
4438,21.41
4439,21.33
4440,
4441,21.35
4442,21.82
4443,21.88
4444,21.17
4445,21.41
4446,21.89
4447,21.30
4448,21.62
4449,21.61
4450,21.29
4451,21.42
4452,21.44
4453,21.54
4454,21.44
4455,
4456,21.52
4457,
4458,21.87
4459,21.33
4460,
4461,
4462,21.33
4463,21.27
4464,21.21
4465,
4466,21.56
4467,21.56
4468,21.63
4469,22.10
4470,22.25
4471,21.68
4472,21.30
4473,21.58
4474,21.74
4475,21.40
4476,21.94
4477,21.37
4478,21.37
4479,21.48
4480,21.41
4481,21.64
4482,21.51
4483,21.46
4484,22.01
4485,21.38
4486,21.37
4487,21.68
4488,21.69
4489,21.72
4490,21.58
4491,21.51
4492,21.10
4493,21.31
4494,21.57
4495,21.91
4496,
4497,
4498,21.62
4499,21.62
4500,21.34
4501,21.33
4502,21.42
4503,21.73
4504,21.47
4505,21.56
4506,21.49
4507,21.35
4508,
4509,21.23
4510,21.52
4511,21.36
4512,21.93
4513,21.60
4514,22.13
4515,22.13
4516,22.13
4517,21.38
4518,21.37
4519,21.37
4520,
4521,21.44
4522,21.14
4523,
4524,21.76
4525,
4526,
4527,21.01
4528,21.41
4529,21.36
4530,21.66
4531,
4532,21.83
4533,21.84
4534,21.10
4535,21.72
4536,21.35
4537,21.50
4538,21.45
4539,21.38
4540,21.71
4541,21.50
4542,
4543,
4544,21.40
4545,21.60
4546,21.52
4547,21.25
4548,21.40
4549,21.49
4550,
4551,21.33
4552,21.80
4553,
4554,21.75
4555,21.33
4556,21.68
4557,21.68
4558,21.75
4559,21.31
4560,21.78
4561,21.29
4562,21.54
4563,21.90
4564,
4565,21.49
4566,21.36
4567,21.39
4568,21.32
4569,21.79
4570,21.23
4571,21.56
4572,21.23
4573,21.77
4574,21.53
4575,21.61
4576,21.40
4577,
4578,21.37
4579,21.34
4580,21.68
4581,19.58
4582,21.47
4583,21.89
4584,21.34
4585,21.81
4586,21.34
4587,20.53
4588,21.61
4589,21.93
4590,21.41
4591,21.25
4592,21.68
4593,21.40
4594,
4595,21.48
4596,21.61
4597,21.25
4598,21.51
4599,
4600,21.37
4601,21.17
4602,21.41
4603,21.37
4604,21.73
4605,21.65
4606,21.38
4607,
4608,23.29
4609,21.34
4610,21.45
4611,
4612,21.35
4613,21.37
4614,
4615,21.40
4616,21.55
4617,21.42
4618,
4619,21.66
4620,21.68
4621,21.71
4622,21.72
4623,21.41
4624,21.38
4625,21.80
4626,21.44
4627,21.71
4628,21.83
4629,21.44
4630,21.49
4631,21.31
4632,21.46
4633,21.35
4634,21.68
4635,21.40
4636,
4637,21.10
4638,22.10
4639,21.27
4640,21.69
4641,21.74
4642,21.56
4643,21.33
4644,
4645,21.40
4646,21.49
4647,21.38
4648,22.55
4649,21.46
4650,21.69
4651,22.23
4652,21.66
4653,21.79
4654,21.87
4655,21.77
4656,21.51
4657,21.45
4658,21.25
4659,21.40
4660,21.27
4661,22.92
4662,21.36
4663,21.75
4664,21.37
4665,
4666,21.76
4667,21.64
4668,21.77
4669,21.34
4670,21.60
4671,21.05
4672,21.89
4673,21.89
4674,
4675,21.82
4676,21.37
4677,
4678,21.47
4679,21.38
4680,
4681,21.39
4682,21.70
4683,21.74
4684,21.35
4685,21.35
4686,21.76
4687,21.50
4688,21.44
4689,21.36
4690,21.90
4691,22.26
4692,21.34
4693,21.87
4694,21.38
4695,21.28
4696,21.77
4697,21.40
4698,21.66
4699,21.89
4700,21.75
4701,21.46
4702,21.44
4703,
4704,
4705,21.64
4706,21.33
4707,21.35
4708,21.48
4709,21.52
4710,21.64
4711,21.35
4712,21.39
4713,21.39
4714,21.68
4715,21.81
4716,21.53
4717,21.69
4718,21.81
4719,
4720,21.34
4721,
4722,21.49
4723,21.33
4724,21.38
4725,21.66
4726,21.38
4727,21.52
4728,21.57
4729,21.75
4730,21.61
4731,21.75
4732,21.93
4733,21.35
4734,21.29
4735,21.54
4736,
4737,
4738,21.39
4739,21.39
4740,21.36
4741,
4742,21.46
4743,21.68
4744,21.77
4745,21.32
4746,
4747,21.70
4748,21.55
4749,
4750,21.59
4751,21.43
4752,21.39
4753,21.65
4754,21.80
4755,
4756,
4757,21.84
4758,21.42
4759,21.64
4760,21.64
4761,21.23
4762,21.69
4763,21.70
4764,21.60
4765,21.65
4766,21.24
4767,21.63
4768,
4769,21.75
4770,21.43
4771,21.31
4772,21.64
4773,21.30
4774,22.05
4775,21.45
4776,21.35
4777,22.03
4778,21.43
4779,21.40
4780,21.37
4781,21.37
4782,21.93
4783,25.07
4784,21.52
4785,21.48
4786,21.90
4787,21.63
4788,20.74
4789,21.08
4790,21.48
4791,21.32
4792,
4793,21.48
4794,21.11
4795,
4796,
4797,21.43
4798,21.45
4799,21.93
4800,21.30
4801,21.56
4802,21.40
4803,21.40
4804,21.41
4805,21.21
4806,21.50
4807,21.77
4808,21.42
4809,21.57
4810,21.46
4811,20.99
4812,21.68
4813,21.23
4814,22.01
4815,21.50
4816,22.20
4817,21.29
4818,21.48
4819,21.53
4820,21.07
4821,21.42
4822,21.35
4823,21.39
4824,
4825,21.41
4826,21.38
4827,21.85
4828,22.10
4829,21.82
4830,21.56
4831,21.76
4832,21.71
4833,21.70
4834,21.35
4835,21.76
4836,21.76
4837,21.50
4838,21.42
4839,21.68
4840,21.87
4841,21.42
4842,21.75
4843,21.37
4844,21.39
4845,20.52
4846,21.92
4847,21.92
4848,22.15
4849,21.38
4850,21.33
4851,21.52
4852,21.78
4853,21.39
4854,21.93
4855,21.49
4856,21.50
4857,21.37
4858,21.36
4859,21.76
4860,21.34
4861,21.56
4862,22.11
4863,20.83
4864,21.40
4865,21.35
4866,21.39
4867,21.58
4868,21.29
4869,
4870,21.77
4871,21.90
4872,21.26
4873,21.65
4874,
4875,21.47
4876,21.38
4877,21.36
4878,21.69
4879,21.13
4880,21.13
4881,22.87
4882,22.87
4883,22.08
4884,
4885,21.98
4886,21.46
4887,21.56
4888,
4889,21.79
4890,
4891,22.50
4892,21.41
4893,21.56
4894,21.45
4895,21.34
4896,21.63
4897,22.47
4898,21.65
4899,21.31
4900,21.79
4901,21.64
4902,21.90
4903,21.64
4904,21.31
4905,21.74
4906,21.38
4907,21.48
4908,21.65
4909,21.90
4910,21.58
4911,21.34
4912,21.49
4913,21.49
4914,21.85
4915,21.42
4916,
4917,
4918,21.73
4919,22.39
4920,21.42
4921,
4922,21.38
4923,21.18
4924,21.62
4925,21.56
4926,21.34
4927,21.34
4928,
4929,21.97
4930,21.43
4931,21.55
4932,21.37
4933,
4934,21.18
4935,21.92
4936,21.46
4937,22.08
4938,21.34
4939,22.36
4940,21.38
4941,21.41
4942,21.52
4943,21.39
4944,21.30
4945,21.50
4946,21.56
4947,21.51
4948,21.57
4949,
4950,21.75
4951,21.32
4952,21.35
4953,22.25
4954,21.56
4955,21.50
4956,21.78
4957,
4958,
4959,
4960,
4961,21.33
4962,21.78
4963,21.37
4964,21.37
4965,21.45
4966,21.92
4967,21.41
4968,21.43
4969,21.99
4970,21.65
4971,21.87
4972,21.28
4973,21.18
4974,21.39
4975,21.51
4976,21.30
4977,21.45
4978,
4979,21.89
4980,21.47
4981,21.36
4982,22.05
4983,
4984,21.52
4985,21.67
4986,21.32
4987,
4988,21.21
4989,21.53
4990,21.36
4991,
4992,21.35
4993,21.44
4994,21.30
4995,20.60
4996,21.13
4997,21.77
4998,22.22
4999,
5000,21.55
5001,21.26
5002,
5003,21.59
5004,22.02
5005,21.26
5006,21.32
5007,21.78
5008,21.38
5009,22.01
5010,21.44
5011,21.17
5012,
5013,21.71
5014,21.68
5015,21.25
5016,21.57
5017,21.79
5018,21.91
5019,23.81
5020,23.95
5021,21.10
5022,21.39
5023,21.56
5024,21.16
5025,21.31
5026,21.37
5027,21.53
5028,21.46
5029,21.26
5030,21.69
5031,21.51
5032,21.88
5033,21.34
5034,21.50
5035,21.44
5036,
5037,21.40
5038,21.53
5039,21.47
5040,21.61
5041,21.32
5042,
5043,21.64
5044,22.06
5045,21.65
5046,
5047,21.76
5048,22.00
5049,22.88
5050,21.67
5051,21.49
5052,
5053,21.47
5054,21.34
5055,21.34
5056,
5057,21.29
5058,21.39
5059,21.96
5060,21.51
5061,21.34
5062,21.70
5063,21.30
5064,21.43
5065,21.34
5066,21.98
5067,21.75
5068,21.82
5069,21.83
5070,21.66
5071,21.70
5072,21.31
5073,21.39
5074,21.34
5075,21.60
5076,21.50
5077,21.41
5078,21.78
5079,21.57
5080,21.40
5081,21.66
5082,21.79
5083,21.33
5084,21.53
5085,21.72
5086,
5087,21.76
5088,21.58
5089,21.18
5090,21.70
5091,22.10
5092,21.56
5093,21.79
5094,21.44
5095,21.65
5096,21.42
5097,21.64
5098,21.10
5099,21.58
5100,21.40
5101,21.47
5102,21.52
5103,21.42
5104,
5105,21.17
5106,21.44
5107,21.86
5108,21.46
5109,
5110,21.52
5111,21.46
5112,21.44
5113,21.48
5114,21.38
5115,22.43
5116,21.40
5117,
5118,21.97
5119,21.38
5120,22.06
5121,21.83
5122,21.50
5123,
5124,21.34
5125,21.67
5126,21.52
5127,21.40
5128,21.85
5129,21.78
5130,21.62
5131,22.15
5132,21.70
5133,21.24
5134,21.36
5135,21.35
5136,21.25
5137,21.52
5138,22.48
5139,21.42
5140,
5141,21.71
5142,21.52
5143,21.59
5144,
5145,22.02
5146,21.40
5147,21.67
5148,22.60
5149,21.64
5150,21.47
5151,21.97
5152,21.72
5153,21.79
5154,21.55
5155,22.01
5156,21.36
5157,21.60
5158,21.31
5159,22.03
5160,
5161,21.44
5162,21.87
5163,21.27
5164,21.73
5165,21.42
5166,21.55
5167,
5168,22.26
5169,21.92
5170,21.55
5171,
5172,21.43
5173,
5174,
5175,21.41
5176,21.37
5177,21.35
5178,
5179,22.05
5180,22.02
5181,21.34
5182,
5183,21.53
5184,21.53
5185,
5186,21.22
5187,21.30
5188,
5189,
5190,21.56
5191,21.86
5192,22.44
5193,21.52
5194,20.20
5195,21.58
5196,21.83
5197,21.52
5198,22.39
5199,21.98
5200,21.32
5201,21.51
5202,
5203,21.66
5204,22.00
5205,21.65
5206,21.76
5207,
5208,21.62
5209,22.11
5210,21.34
5211,22.05
5212,
5213,21.65
5214,21.21
5215,21.29
5216,21.74
5217,
5218,21.36
5219,21.74
5220,21.41
5221,
5222,20.70
5223,21.40
5224,21.51
5225,21.36
5226,21.54
5227,21.71
5228,21.46
5229,
5230,21.41
5231,21.50
5232,21.91
5233,21.40
5234,21.40
5235,22.42
5236,21.29
5237,21.47
5238,21.59
5239,22.10
5240,21.60
5241,
5242,21.29
5243,21.35
5244,21.38
5245,21.38
5246,21.44
5247,21.58
5248,21.82
5249,21.37
5250,
5251,21.35
5252,21.38
5253,21.73
5254,21.74
5255,21.75
5256,21.35
5257,
5258,
5259,21.84
5260,22.04
5261,21.40
5262,21.51
5263,
5264,21.82
5265,21.40
5266,21.71
5267,21.80
5268,21.45
5269,21.73
5270,21.54
5271,31.30
5272,21.43
5273,21.42
5274,21.42
5275,21.53
5276,21.89
5277,21.26
5278,21.37
5279,
5280,21.61
5281,21.61
5282,21.48
5283,21.69
5284,21.52
5285,21.56
5286,21.36
5287,
5288,
5289,
5290,21.59
5291,21.24
5292,21.34
5293,21.43
5294,22.06
5295,21.60
5296,21.82
5297,21.45
5298,21.32
5299,21.58
5300,21.30
5301,21.58
5302,21.61
5303,
5304,22.24
5305,21.37
5306,21.42
5307,22.12
5308,21.84
5309,21.72
5310,21.66
5311,21.71
5312,21.12
5313,21.51
5314,21.51
5315,
5316,21.31
5317,21.51
5318,21.74
5319,21.44
5320,22.42
5321,22.37
5322,21.80
5323,21.92
5324,21.52
5325,21.46
5326,
5327,21.85
5328,21.83
5329,21.46
5330,21.90
5331,21.85
5332,21.66
5333,
5334,21.42
5335,21.28
5336,21.95
5337,22.09
5338,21.60
5339,21.68
5340,21.14
5341,22.33
5342,21.10
5343,
5344,21.47
5345,21.61
5346,22.10
5347,
5348,21.97
5349,21.81
5350,
5351,
5352,21.82
5353,21.32
5354,21.64
5355,21.98
5356,21.56
5357,21.45
5358,21.83
5359,21.47
5360,22.00
5361,
5362,22.08
5363,21.39
5364,
5365,21.57
5366,22.05
5367,21.33
5368,22.78
5369,22.07
5370,21.49
5371,21.62
5372,21.39
5373,21.96
5374,
5375,21.81
5376,
5377,22.02
5378,21.81
5379,21.64
5380,
5381,21.34
5382,21.38
5383,21.59
5384,21.53
5385,21.39
5386,
5387,21.82
5388,
5389,
5390,22.02
5391,21.81
5392,
5393,21.47
5394,21.39
5395,
5396,20.94
5397,21.45
5398,21.96
5399,22.16
5400,21.47
5401,21.50
5402,
5403,21.92
5404,21.59
5405,22.28
5406,22.28
5407,
5408,21.35
5409,21.75
5410,
5411,21.95
5412,21.93
5413,21.69
5414,21.96
5415,
5416,21.36
5417,21.65
5418,
5419,22.23
5420,21.43
5421,21.62
5422,21.14
5423,21.52
5424,21.77
5425,22.20
5426,
5427,21.46
5428,21.69
5429,
5430,21.30
5431,21.89
5432,21.82
5433,21.35
5434,21.59
5435,20.95
5436,
5437,21.73
5438,22.23
5439,21.45
5440,21.45
5441,22.01
5442,21.83
5443,21.63
5444,21.46
5445,21.83
5446,21.54
5447,21.61
5448,22.02
5449,21.37
5450,29.08
5451,21.85
5452,21.46
5453,
5454,21.47
5455,
5456,21.92
5457,22.02
5458,21.38
5459,21.35
5460,21.36
5461,21.90
5462,21.34
5463,20.97
5464,21.38
5465,
5466,21.69
5467,23.56
5468,21.58
5469,21.43
5470,21.35
5471,21.35
5472,22.87
5473,21.96
5474,22.21
5475,
5476,22.06
5477,21.55
5478,22.50
5479,21.51
5480,21.40
5481,21.40
5482,21.31
5483,21.31
5484,21.42
5485,21.61
5486,21.32
5487,21.93
5488,21.49
5489,21.39
5490,21.38
5491,
5492,21.55
5493,22.09
5494,
5495,21.65
5496,21.40
5497,21.58
5498,21.77
5499,21.65
5500,21.48
5501,
5502,21.38
5503,21.38
5504,21.60
5505,21.88
5506,21.83
5507,21.85
5508,21.73
5509,21.29
5510,21.32
5511,21.76
5512,21.76
5513,21.65
5514,
5515,21.33
5516,22.05
5517,
5518,21.42
5519,21.35
5520,21.36
5521,22.35
5522,21.57
5523,21.47
5524,21.69
5525,
5526,21.37
5527,22.50
5528,21.76
5529,21.64
5530,21.29
5531,21.99
5532,23.82
5533,21.24
5534,21.55
5535,21.79
5536,
5537,21.39
5538,22.12
5539,21.40
5540,
5541,24.84
5542,21.36
5543,21.39
5544,
5545,21.95
5546,22.05
5547,21.68
5548,21.27
5549,32.39
5550,21.60
5551,21.84
5552,21.61
5553,
5554,21.45
5555,21.83
5556,22.52
5557,22.14
5558,21.45
5559,21.34
5560,22.39
5561,22.28
5562,21.71
5563,21.92
5564,21.72
5565,22.62
5566,21.41
5567,21.36
5568,21.45
5569,21.45
5570,
5571,21.50
5572,21.46
5573,21.75
5574,21.32
5575,21.46
5576,
5577,21.46
5578,21.47
5579,21.40
5580,21.49
5581,21.54
5582,21.78
5583,22.15
5584,21.93
5585,21.75
5586,21.37
5587,21.80
5588,21.76
5589,22.01
5590,21.85
5591,
5592,23.09
5593,22.16
5594,20.88
5595,21.34
5596,22.55
5597,21.41
5598,21.86
5599,19.84
5600,21.74
5601,30.09
5602,21.56
5603,
5604,21.79
5605,21.77
5606,21.41
5607,21.62
5608,21.73
5609,21.73
5610,21.11
5611,21.34
5612,29.98
5613,21.42
5614,
5615,22.03
5616,21.50
5617,21.59
5618,
5619,
5620,21.80
5621,
5622,
5623,21.60
5624,22.30
5625,21.99
5626,21.72
5627,
5628,21.38
5629,22.01
5630,21.79
5631,21.73
5632,21.42
5633,22.14
5634,23.28
5635,21.72
5636,22.11
5637,22.11
5638,21.40
5639,21.80
5640,23.55
5641,23.01
5642,
5643,20.09
5644,23.52
5645,21.69
5646,21.74
5647,22.13
5648,21.34
5649,22.45
5650,
5651,21.35
5652,22.92
5653,21.74
5654,22.22
5655,20.19
5656,21.34
5657,22.53
5658,22.15
5659,21.73
5660,21.66
5661,21.71
5662,22.41
5663,
5664,22.16
5665,21.22
5666,22.04
5667,21.40
5668,
5669,21.54
5670,19.83
5671,21.87
5672,22.15
5673,21.55
5674,22.15
5675,21.90
5676,22.39
5677,21.35
5678,21.32
5679,21.41
5680,
5681,
5682,21.14
5683,21.41
5684,25.96
5685,21.87
5686,21.71
5687,21.89
5688,21.85
5689,21.48
5690,
5691,21.45
5692,21.66
5693,21.88
5694,21.80
5695,21.56
5696,
5697,21.35
5698,21.46
5699,21.46
5700,21.49
5701,21.62
5702,21.60
5703,20.92
5704,21.89
5705,21.92
5706,21.35
5707,21.16
5708,22.16
5709,21.94
5710,22.17
5711,22.13
5712,
5713,
5714,21.90
5715,20.39
5716,22.01
5717,22.21
5718,21.90
5719,21.74
5720,
5721,21.48
5722,21.76
5723,21.45
5724,
5725,20.89
5726,21.32
5727,
5728,21.42
5729,21.67
5730,37.08
5731,
5732,21.56
5733,22.42
5734,21.70
5735,21.64
5736,
5737,21.39
5738,21.76
5739,23.71
5740,22.27
5741,21.29
5742,21.85
5743,21.56
5744,21.28
5745,22.52
5746,21.50
5747,21.45
5748,21.49
5749,21.75
5750,21.46
5751,21.89
5752,22.16
5753,21.76
5754,22.03
5755,21.60
5756,21.47
5757,22.54
5758,
5759,
5760,21.38
5761,21.29
5762,22.18
5763,22.35
5764,21.35
5765,21.80
5766,22.16
5767,
5768,20.73
5769,21.78
5770,21.42
5771,21.77
5772,22.95
5773,
5774,21.72
5775,21.72
5776,21.82
5777,21.72
5778,22.70
5779,
5780,21.64
5781,21.30
5782,21.54
5783,21.41
5784,21.90
5785,22.37
5786,20.68
5787,30.07
5788,
5789,22.88
5790,
5791,
5792,21.39
5793,22.46
5794,21.55
5795,24.52
5796,26.47
5797,22.02
5798,30.04
5799,
5800,21.94
5801,32.06
5802,22.00
5803,24.46
5804,23.45
5805,33.37
5806,24.71
5807,22.44
5808,22.25
5809,28.93
5810,21.85
5811,23.74
5812,21.27
5813,21.53
5814,21.81
5815,22.59
5816,21.33
5817,164.83
